[{"provinceName":"上海市","provinceShortName":"上海","cityName":"上海","yesterdayLocalConfirmedCount":0,"currentConfirmedCount":59,"confirmedCount":1958,"dangerCountIncr":0,"currentDangerCount":0,"locationId":310000,"statisticsData":"https://file1.dxycdn.com/2020/0223/128/3398299755968454977-135.json"},{"provinceName":"云南省","provinceShortName":"云南","cityName":"德宏州","yesterdayLocalConfirmedCount":0,"currentConfirmedCount":47,"confirmedCount":97,"dangerCountIncr":1,"currentDangerCount":4,"locationId":530000,"statisticsData":"https://file1.dxycdn.com/2020/0223/159/3398299758115523929-135.json"},{"provinceName":"广东省","provinceShortName":"广东","cityName":"广州","yesterdayLocalConfirmedCount":0,"currentConfirmedCount":38,"confirmedCount":1126,"dangerCountIncr":0,"currentDangerCount":0,"locationId":440000,"statisticsData":"https://file1.dxycdn.com/2020/0223/281/3398299758115524068-135.json"},{"provinceName":"四川省","provinceShortName":"四川","cityName":"成都","yesterdayLocalConfirmedCount":0,"currentConfirmedCount":17,"confirmedCount":571,"dangerCountIncr":0,"currentDangerCount":0,"locationId":510000,"statisticsData":"https://file1.dxycdn.com/2020/0223/926/3398299755968455035-135.json"},{"provinceName":"海南省","provinceShortName":"海南","cityName":"海口","yesterdayLocalConfirmedCount":0,"currentConfirmedCount":12,"confirmedCount":51,"dangerCountIncr":0,"currentDangerCount":0,"locationId":460000,"statisticsData":"https://file1.dxycdn.com/2020/0223/126/3398299753820555862-135.json"},{"provinceName":"北京市","provinceShortName":"北京","cityName":"北京","yesterdayLocalConfirmedCount":0,"currentConfirmedCount":10,"confirmedCount":1057,"dangerCountIncr":0,"currentDangerCount":0,"locationId":110000,"statisticsData":"https://file1.dxycdn.com/2020/0223/004/3398299758115524169-135.json"},{"provinceName":"天津市","provinceShortName":"天津","cityName":"天津","yesterdayLocalConfirmedCount":0,"currentConfirmedCount":8,"confirmedCount":383,"dangerCountIncr":0,"currentDangerCount":0,"locationId":120000,"statisticsData":"https://file1.dxycdn.com/2020/0223/669/3398299753820555949-135.json"},{"provinceName":"湖北省","provinceShortName":"湖北","cityName":"武汉","yesterdayLocalConfirmedCount":0,"currentConfirmedCount":5,"confirmedCount":50362,"dangerCountIncr":0,"currentDangerCount":0,"locationId":420000,"statisticsData":"https://file1.dxycdn.com/2020/0223/618/3398299751673487511-135.json"},{"provinceName":"广东省","provinceShortName":"广东","cityName":"深圳","yesterdayLocalConfirmedCount":0,"currentConfirmedCount":4,"confirmedCount":504,"dangerCountIncr":0,"currentDangerCount":0,"locationId":440000,"statisticsData":"https://file1.dxycdn.com/2020/0223/281/3398299758115524068-135.json"},{"provinceName":"海南省","provinceShortName":"海南","cityName":"三亚","yesterdayLocalConfirmedCount":0,"currentConfirmedCount":4,"confirmedCount":61,"dangerCountIncr":0,"currentDangerCount":0,"locationId":460000,"statisticsData":"https://file1.dxycdn.com/2020/0223/126/3398299753820555862-135.json"},{"provinceName":"重庆市","provinceShortName":"重庆","cityName":"重庆","yesterdayLocalConfirmedCount":0,"currentConfirmedCount":3,"confirmedCount":594,"dangerCountIncr":0,"currentDangerCount":0,"locationId":500000,"statisticsData":"https://file1.dxycdn.com/2020/0223/368/3398299751673487486-135.json"},{"provinceName":"广东省","provinceShortName":"广东","cityName":"佛山","yesterdayLocalConfirmedCount":0,"currentConfirmedCount":2,"confirmedCount":132,"dangerCountIncr":0,"currentDangerCount":0,"locationId":440000,"statisticsData":"https://file1.dxycdn.com/2020/0223/281/3398299758115524068-135.json"},{"provinceName":"广东省","provinceShortName":"广东","cityName":"肇庆","yesterdayLocalConfirmedCount":0,"currentConfirmedCount":2,"confirmedCount":32,"dangerCountIncr":0,"currentDangerCount":0,"locationId":440000,"statisticsData":"https://file1.dxycdn.com/2020/0223/281/3398299758115524068-135.json"},{"provinceName":"河北省","provinceShortName":"河北","cityName":"保定","yesterdayLocalConfirmedCount":0,"currentConfirmedCount":1,"confirmedCount":49,"dangerCountIncr":0,"currentDangerCount":0,"locationId":130000,"statisticsData":"https://file1.dxycdn.com/2020/0223/473/3398299751673487477-135.json"},{"provinceName":"广东省","provinceShortName":"广东","cityName":"清远","yesterdayLocalConfirmedCount":0,"currentConfirmedCount":1,"confirmedCount":14,"dangerCountIncr":0,"currentDangerCount":0,"locationId":440000,"statisticsData":"https://file1.dxycdn.com/2020/0223/281/3398299758115524068-135.json"}]